name,phone
Holly-Anne,(802) 983-9126
Dinah,(550) 547-4594
Ivy,(450) 822-9827
Desdemona,(942) 452-3530
Irina,(978) 221-6134
Cary,(580) 476-8517
Dominga,(406) 357-9822
Eloise,(908) 870-2878
Dominique,(308) 468-3182
Ivett,(441) 582-9160
Ellie,(719) 364-0233
Celestine,(809) 665-3719
Inga,(339) 890-3222
Fredericka,(791) 399-9364
Catarina,(237) 608-2757
Delcine,(208) 235-5579
Florence,(991) 863-5606
Dinnie,(343) 256-4377
Denyse,(975) 292-3674
Dena,(240) 462-3541
Donnie,(720) 228-0374
Freda,(698) 730-3603
Fredrika,(717) 229-6864
Inger,(293) 552-3989
Catie,(936) 255-9180
Inessa,(892) 975-6114
Catherin,(876) 215-3666
Della,(323) 885-3550
Ilka,(347) 770-8122
Isahella,(580) 848-9686
Dolli,(276) 494-4401
Celinka,(436) 338-7689
Donni,(480) 707-9451
Denise,(591) 844-5797
Fred,(356) 306-4057
Elie,(988) 467-2936
Catrina,(788) 918-1093
Fulvia,(925) 433-6444
Florri,(809) 982-7373
Elianore,(884) 859-1538
Eleanore,(934) 529-4429
Celestina,(854) 854-1208
Inge,(954) 907-3382
Ellette,(495) 348-4958
Issy,(877) 793-8213
Dian,(233) 555-4075
Elayne,(916) 918-4453
Ella,(916) 714-7195
Elke,(595) 788-6584
Iolanthe,(817) 910-4634
Elizabeth,(776) 328-8550
Elane,(647) 902-1388
Francisca,(575) 292-9883
Gabey,(743) 412-2794
Deena,(552) 896-4553
Elle,(714) 727-7883
Idelle,(379) 898-7809
Florina,(242) 377-5885
Dora,(450) 602-2959
Eilis,(700) 637-2675
Devon,(466) 587-7659
Ileane,(674) 863-9743
Devin,(630) 745-3165
Frayda,(518) 748-1194
Francine,(848) 826-5542
Delia,(300) 773-1226
Dorena,(672) 798-6242
Flori,(801) 227-2935
Domeniga,(651) 469-9048
Florida,(511) 839-5127
Gabrielle,(711) 782-0088
Eleni,(490) 426-4839
Ivette,(606) 674-3658
Denice,(598) 685-7791
Flossi,(231) 316-7856
Issie,(589) 771-5713
Desirae,(212) 404-2276
Elna,(363) 826-3158
Delora,(305) 354-3151
Hyacinth,(280) 536-5417
Gabi,(955) 478-7179
Idalia,(643) 214-4600
Delilah,(847) 374-5149
Ilyssa,(787) 419-1233
Ina,(797) 628-3698
Elene,(725) 974-2809
Donelle,(490) 673-9204
Denny,(862) 960-4803
Elly,(532) 469-4347
Dita,(605) 323-3871
Flss,(214) 295-6614
Cathi,(538) 647-2566
Domini,(218) 247-3513
Doria,(759) 958-2151
Dniren,(778) 455-7818
Ianthe,(977) 924-9697
Ingaberg,(650) 903-6947
Franky,(881) 220-4869
Ilsa,(339) 370-4642
Eimile,(729) 929-1652
Diana,(751) 294-7600
Gabbey,(752) 842-1231
Elga,(472) 706-5565
Frieda,(569) 448-3237
Dolores,(867) 635-1274
Eirena,(433) 770-9216
Devonne,(745) 887-9912
Isabelle,(822) 694-9423
Flory,(548) 627-8613
Elisabet,(630) 261-2836
Elisa,(470) 901-3665
Franciska,(426) 743-2916
Eleen,(577) 890-2452
Cathrine,(364) 950-2365
Devonna,(757) 478-0426
Eliza,(759) 929-1793
Flora,(312) 208-6346
Ilse,(913) 412-0173
Ellene,(932) 318-3771
Donia,(530) 877-6994
Denys,(480) 430-9355
Florie,(645) 304-1328
Eleonore,(595) 353-1809
Imelda,(485) 544-9877
Elfreda,(889) 662-6210
Francyne,(222) 907-8710
Florella,(962) 672-9291
Devinne,(495) 943-5044
